{"cameraMode":{"drawMode":0,"name":"Shaded","section":"Shading Mode"},"sceneLighting":false,"audioPlay":false,"sceneViewState":{"m_AlwaysRefresh":false,"showFog":true,"showSkybox":true,"showFlares":true,"showImageEffects":true,"showParticleSystems":true,"showVisualEffectGraphs":true,"m_FxEnabled":true},"in2DMode":false,"pivot":{"x":0.0022259950637817384,"y":-16.8309383392334,"z":10.858048439025879},"rotation":{"x":0.46488603949546816,"y":0.05438753589987755,"z":-0.028626393526792527,"w":0.8832359910011292},"size":10.866730690002442,"orthographic":false}