{"cameraMode":{"drawMode":0,"name":"Shaded","section":"Shading Mode"},"sceneLighting":false,"audioPlay":false,"sceneViewState":{"m_AlwaysRefresh":false,"showFog":true,"showSkybox":true,"showFlares":true,"showImageEffects":true,"showParticleSystems":true,"showVisualEffectGraphs":true,"m_FxEnabled":true},"in2DMode":false,"pivot":{"x":-1.9231730699539185,"y":1.6293249130249024,"z":5.206632614135742},"rotation":{"x":0.23879162967205048,"y":-0.34061527252197268,"z":0.08988174796104431,"w":0.9049210548400879},"size":5.327020645141602,"orthographic":false}